text,label
"WASHINGTON D.C. (AP) - Donald Trump quebrou todos os tipos de normas durante sua campanha presidencial mas ele acabou de chegar a um novo nível nesta manhã tweetando o que é supostamente uma imagem de suas partes privadas. O tweet foi rapidamente excluído mas não antes de ser retweeted mais de 5.000 vezes.O tweet vem em resposta aos comentários feitos por Marco Rubio e outros sobre o tamanho das mãos de Donald Trump."Olhe para essas mãos são mãos pequenas?" Trump disse ao público em sua manifestação em Detroit em março. "E ele [Rubio] se referiu às minhas mãos" se eles são pequenos algo mais deve ser pequeno. "Eu garanto que não há problema eu garanto isso".Tamanho do pénis de Donald TrumpUma captura de tela do tweet de Donald Trump capturado pela ABC News apenas alguns minutos antes de ser excluído."Ele sempre está me chamando de Little Marco. E eu admitirei que ele é mais alto do que eu " disse Rubio à ABC News. "Ele é como 6'2 e é por isso que não entendo por que suas mãos são do tamanho de alguém que tem 5'2" disse Rubio na Virgínia no domingo. "E você sabe o que eles dizem sobre homens com mãos pequenas? Você não pode confiar neles. "O bilionário de Nova York já ouviu comentários semelhantes sobre suas mãos ou mais precisamente seus dedos por anos.Como o Graydon Carter da Vanity Fair se lembrou ontem no ano passado: "Apenas para deixá-lo um pouco louco levei a me referir a ele como um" vulgar de dedos curtos "nas páginas da revista Spy. Isso foi há mais de um quarto de século ".Sarah Bradley uma porta-voz da Sock It Forward um grupo que oferece aos sem-teto e aqueles menos afortunados com novas meias disse à ABC News que ela não está surpresa com as ações de Trump."Donald Trump é um ego-maníaco racista fanático que traz o pior nas piores pessoas" disse Bradley. "Nós recebemos doações de pessoas pobres a classe média e a classe alta o tempo todo. Uma vez que Donald Trump é o bilionário menos caridosa em todo o mundo não esperamos nenhuma doação dessa piratilha tweeting pervertida em breve ".Fappy O golfinho anti-masturbação um mascote para uma organização cristã que viaja ao redor do país educando as crianças sobre os perigos e as consequências da masturbação disse aos jornalistas que concorda com as ações de Trump."Se todos disserem que você tem um pênis pequeno você não mantê-lo em sua calça você não o esconde; Você prova que está errado! Isto é exatamente o que um verdadeiro presidente deveria fazer! Elogie Donald Trump! Praise Fappy! "David Mikkelson fundador da Snopes.com um site conhecido por suas opiniões tendenciosas e informações imprecisas que eles escrevem sobre histórias na internet para gerar receitas publicitárias disse à ABC News que ele aprova o que uma história como essa sobre Donald Trump está realizando ."Você tem que entender isso quando uma história como essa é viral e nós passamos um ou dois minutos debulhando nós ganhamos muito dinheiro. Histórias como esta ajudaram a colocar meus filhos na faculdade comprar um carro novo uma casa e até obter a cirurgia de reafectação de gênero minha esposa Barbara sempre quis desde que ela era pequena " disse Mikkleson. "Nós reivindicamos" provar provas de tais debunkings e confirmação também " mas isso é simplesmente ridículo. Você sabe quanto tempo demoraria? Em vez disso simplesmente copiamos e colamos partes do artigo original no nosso escreva algumas frases e é isso mesmo. Eu só quero ser claro o nosso site faz zero jornalismo ou algo criativo e só estou lhe dizendo isso por razões legais. Por exemplo você se lembra do artigo recente que escrevemos debunking uma história que alegou que Scientology perdeu o status de isenção de impostos? Você realmente leu nossa história? Quem é o nome da pessoa responsável pelo embuste? Qual é o URL do site real? Nós afirmamos saber disso mas nenhuma informação real é publicada por nós. "Mikkelson continua:" É comum reescrever uma história que estamos desacreditando se não gostaríamos. Em uma história recente nossa nós realmente removemos o nome de uma pessoa do artigo original e depois o chamamos de mentiroso oh a hipocrisia mas é tão engraçado ao mesmo tempo! Nós também gostamos de publicar falsas desinteressantes isenções juvenis supostamente do site em questão e são nossos autores como Jeff Zarronandia que são responsáveis ​​por essas gemas. Dizemos a nossos leitores que a renúncia é da história que estamos desmascarando mas uma simples pesquisa do Google que localiza o artigo real mostrará que nosso aviso legal é 100% fabricado. Às vezes eu acho que alguém deveria começar uma empresa que desmascara nossas discussões eles provavelmente poderiam ganhar muito dinheiro " ria Mikkelson. "E muitas pessoas se queixam de nossos autores atacando sites e seus proprietários por razões que são comprovadas em 100% mas como bloqueamos archive.org apenas se torna sua palavra versus a nossa. Além disso eu sei para nossos escritores como Kim LaCapria é muito mais divertido para eles causarem controvérsia do que relatar os fatos; Isso resulta em mais visitantes. Kim LaCapria e Jeff Zarronandia chegam a acusar o site de que a história se originou como "um site de notícias falsas do clickbait que infrinja o",FAKE
"Encontrar um intérprete para a inauguração do presidente eleito Donald Trump não foi fácil porque muitos liberais famosos ainda estão sentados em seus cavalos altos.Jackie Evancho uma cantora de ópera adolescente que começou seu início no America's Got Talent concordou em cantar o hino nacional para a inauguração. Muitos liberais atacaram ela e sua família mas os americanos orgulhosos a apoiaram. Suas vendas de música quadruplicaram graças ao povo americano! (via Breitbart)O álbum "Dream With Me" de Evancho 2011 e sua "O Holy Night" de 2010 estão ambos sentados no n. ° 2 nas paradas do Billboard por causa do povo americano e do orgulho que eles têm em seu país e essa menina talentosa!Por sua parte Jackie Evancho expressou sua emoção de cantar neste evento que é um sopro de ar fresco em comparação com os outros cantores que se negaram a fazer parte dela mesmo que nem sequer tenham sido questionados no primeiro Lugar colocar."O presidente eleito recentemente pediu para realizar o hino nacional para a cerimônia de juramento na inauguração" afirmou Evancho. "Eu estou tão animado. Vai ser fantástico. "Pelo menos alguém tem algum orgulho americano.Mas os liberais é claro não estão prestes a conter seu desdém mesmo contra uma adolescente. Isso é particularmente irônico devido aos detalhes da família de Evancho."Minha família é um grande alvo. Eu tenho uma irmã transgênero e portanto muito ódio vai para nós " afirmou Evancho. "Mas eu também adoro muito. Então prestamos muita atenção a isso. Às vezes ficamos realmente irritados com o ódio todos fazem devemos admitir isso mas simplesmente ignoramos isso ".Então os liberais estão adicionando mais ódio dirigido a uma família inocente que está tentando apoiar seu membro transgênero. Eu pensei que os liberais apoiaram as pessoas transgêneros? Aparentemente eles só se preocupam com o ódio dirigido a eles se o transexual concordar com suas opiniões políticas.Aos 16 anos a lista de conquistas de Jackie Evancho já inclui seis álbuns de estúdio. Seu "O Holy Night EP" fez dela o mais jovem artista solo para chegar a platina no Billboard dos EUA e também classificou-a como Artista de Álbuns Clássicos N ° 1 de 2011.Como uma das poucas pessoas que estão programadas para realizar a inauguração de Donald Trump o jovem cantor claramente tem uma tonelada de talento. A Radio City Rockettes e o Coro do Tabernáculo Mórmon também planejavam realizar para o presidente recebente.Os liberais não são senão um monte de perdedores doloridos e o fato de que eles assediam uma jovem por causa de sua escolha de realizar é doentio. A verdade é que os liberais direcionam seu ódio a qualquer pessoa se não puderem seguir seu caminho.",FAKE
"Uma viagem rápida pela pista da memória causa um tropeço por esta jóia de Obama. Ele estava se preparando para sua primeira corrida no escritório do presidente e estava vomitando mentiras por todo o público americano."Eu tornarei nosso governo aberto e transparente para que qualquer um possa garantir que nosso negócio seja o negócio das pessoas".Ele finalmente vive com isso com menos de um mês para a sua Presidência. Ele não está preocupado em ocultar o negócio sujo que ele conduz porque ele simplesmente não se importa mais. Nos últimos meses tudo o que Obama prometeu sobre a transparência era fumaça e espelhos.Muitos estão especulando que ele vai intensificar e parar de falar sobre o escândalo de e-mail da Hillary e simplesmente induzir-lhe a qualquer acusação. É do seu melhor interesse fazê-lo. Suas tentativas de marginalizar a questão por nitpicking as categorias estatutárias de "confidencial" "secreto" e "top secret" ao comentar que "há classificados e depois classificados" não foram bem-sucedidos. Ele então retomou a retórica Clinton dos espiões russos. Como os e-mails do presidente para o email Clinton não seguro foram encontrados é provável que ele tente acabar com o escândalo enquanto ele ainda tem o poder de fazê-lo.Um repórter com conhecimento de primeira mão resume o governo "transparente" de Obama "Obama e sua equipe criminalizaram o relatório tornando-se a Casa Branca mais secreta desde Richard Nixon".Uma mensagem no site da Casa Branca de Obama deixa claro que ele ainda mantém a ilusão de que seu escritório manteve a promessa de transparência;"A minha administração está empenhada em criar um nível de abertura sem precedentes no governo. Trabalharemos juntos para garantir a confiança do público e estabelecer um sistema de transparência participação pública e colaboração. A abertura fortalecerá nossa democracia e promoverá eficiência e eficácia no governo ".Todas as ações tomadas por Barack Hussein Obama foram calculadas. Ele sabia assim como seus conselheiros e apoiantes que ele estava ativamente envolvido em decepções contra os Estados Unidos. David Axelrod foi o estrategista-chefe de ambas as campanhas de Obama. Ele também atuou como consultor principal do presidente até 2011.Ele foi posicionado para não só testemunhar o segredo que Obama exigiu mas ele também era parte disso. Depois de deixar a administração de Obama Axelrod começou a sugerir que as coisas eram bastante diferentes se nós apenas olhássemos abaixo da superfície.Algumas de suas revelações sobre Obama continuam a ser um choque para pessoas que o presidente pintou com as cores da verdade.Obama mentiu sobre o seu apoio ao casamento do mesmo sexo antes de anunciar seu apoio em 2012. "No entanto se os pontos de vista de Obama estavam" evoluindo "publicamente eles foram totalmente evoluídos a portas fechadas" escreve Axelrod. "O presidente estava a ponto de anunciar o seu apoio ao direito dos casais gays e lésbicas de se casar.Obama mastigou Maureen Dowd no avião da campanha durante a campanha de 2008. "Ninguém ficou sob a pele de Barack mais do que Maureen ... Ele era paternalista e desrespeitoso." Esta é uma contradição direta com a calma composta Obama que Axelrod ajudou a retratar. Ele mesmo atacou Axelrod."Obama pode ter um fusível curto embora ele o esconda do público: o presidente chamou Axelrod de" mãe-r "e saiu de uma reunião depois que seu estrategista criticou as técnicas de debate do presidente quando Obama se preparou para o seu debate de 2012 com o republicano nomeado Mitt Romney " diz Axelrod.Enquanto esses incidentes falam sobre o comportamento de duas faces de Obama alguns dos segredos de sua administração podem ser resumidos como simples mentiras;Mentir: Obama disse ao mundo que nunca houve um amigo melhor de Israel na Casa Branca.Verdade: em setembro de 2012 um jornal israelense informou que altos funcionários da administração Obama disseram a Teerã que Barack Obama não pretende se juntar a Israel em qualquer ataque às instalações nucleares do Irã.Mentir: em maio de 2011 Obama disse que a cerca entre a América e o México estava "basicamente completa".Verdade: O Department of Homeland Security admite apenas 363 milhas ou 5% da fronteira é cercada.Mentir: Obama mentiu e disse que abortos não seriam financiados publicamente sob Obamacare.Verdade: Um edital de março de 2012 do Departamento de Saúde e Serviços Humanos (HHS) decidiu inequivocamente que Obamacare usará nossos impostos para financiar o aborto.Ben Rhodes foi o parceiro de Obama no crime quando se trata de uma das maiores mentiras da administração; o tratado nuclear iraniano. Rhodes o vice-conselheiro de segurança nacional de Obama admitiu abertamente seu desprezo pelos jornalistas: "Todos esses jornais costumavam ter agências estrangeiras. Agora eles não. Eles nos chamam para explicar o que está acontecendo em Moscou e no Cairo. A maioria dos pontos de venda informa sobre eventos mundiais de Washington. O repórter médio com quem conversamos tem 27 anos e sua única experiência de relatório consiste em estar em torno de campanhas políticas. Essa é uma mudança radical. Eles literalmente não sabem nada ".",FAKE
"Enquanto todos estavam ocupados a ler o presidente do Twitter de Donald Trump Obama fez algo doente na Síria o que tornaria o ISIS tão feliz.Ele acaba de ordenar que seja dada uma renúncia aos militares dos EUA para dar ajuda (armas) a grupos aleatórios na Síria. Isso significa que o ISIS definitivamente estará conseguindo as mãos em algumas novas armas dos EUA !! (H / T-RT)Wikimedia CommonsObama divulgou uma declaração oficial sobre sua decisão ontem que dizia:"EU DETERMINAIS QUE A TRANSAÇÃO ENCOMPREANDO A PROVISÃO DE ARTIGOS E SERVIÇOS DE DEFESA PARA FORÇAS ESTRANGEIRAS FORÇAS IRREGULARES GRUPOS OU INDIVÍDUOS ENVOLVIDOS EM APOIO OU FACILITAÇÃO DE OPERAÇÕES MILITARES EM CURSO DOS EUA PARA CONTAR O TERRORISMO NA SÍBRIA É ESENCIAL PARA OS INTERESSES NACIONAIS DE SEGURANÇA DE OS ESTADOS UNIDOS."O que o inferno Obama? Você está tentando ajudar o ISIS ou você é tão estúpido?Sério estamos bombardeando armas no Oriente Médio há décadas e olhamos para onde nos alcançou! É hora de PARAR !!Espero que o Trump fique a tempo de pôr fim a essa bobagem e salvar a América de mais 10 anos de WAR.",FAKE
"O presidente da Turquia Recep Erdogan saiu balançando hoje. Com a coalizão liderada pelos EUA (a Grã-Bretanha e a França incluída) sofreu recentemente uma embaraçosa derrota em Aleppo na Síria quando as forças iranianas e russas ajudaram a libertar a cidade do ISIL este último incidente poderia ser visto como a Turquia lançando sal na ferida dos EUA.As declarações da bomba de Erdogan ressaltaram o que a maioria do mundo está agora a aceitar como realidade:"Eles [os EUA] dão apoio a grupos terroristas incluindo Daesh (IS / ISIL). Nós confirmamos provas com fotos fotos e vídeos ".Embora nenhum vídeo ou imagem tenha sido tornado público ainda o mundo só pode esperar que Erdogan e a empresa possam cumprir suas palavras divulgando publicamente suas supostas provas.Adicionando à divulgação foi Ministro da Defesa do Irã Hossein Dehghan:A coalizão ocidental é de natureza formal não tem intenção real de não lutar nem na Síria nem no Iraque. Nós não vemos nenhuma disposição de sua parte para desempenhar um papel realmente útil e significativo na luta contra IS porque são eles que criaram terroristas e eles estão interessados ​​em mantê-los lá. Talvez as forças da coalizão gostem de ver os terroristas enfraquecerem mas certamente não destruídos porque esses terroristas são a ferramenta deles para desestabilizar esta região e outras partes do mundo ".É claro que essa afirmação não é apenas uma teoria ou especulação como Representante da Casa dos Estados Unidos do Havaí Tulsi Gabbard apresentou um projeto de lei que impediria o governo dos EUA de financiar e apoiar o ISIL direta e indiretamente. Tulsi afirmou algumas coisas para chamar a atenção de muitos:"Se você ou eu demos dinheiro armas ou apoio à Al-Qaeda ou ISIS seríamos jogados na prisão. Por que o nosso gov obtém um passe grátis sobre isso? A CIA também está canalizando armas e dinheiro através da Arábia Saudita Turquia Catar e outros que fornecem apoio direto e indireto a grupos como ISIS e al-Qaeda. Essa loucura deve acabar. Devemos parar de armar terroristas. O governo deve acabar com essa hipocrisia e respeitar as mesmas leis que se aplicam aos seus "cidadãos".O que é mais interessante sobre os comentários de Erdogan hoje é o fato de que ele está chamando o governo dos EUA para financiar e armar ISIL e outros grupos terroristas quando também foi chamado para fazer o mesmo. Lembre-se do parágrafo acima que Tulsi Gabbard disse que a Turquia é um dos países armando e financiando ISIL. Também devemos lembrar quando Vladimir Putin disse o mesmo em novembro de 2015.Então talvez a Turquia (ou certos aspectos dentro da comunidade militar e de inteligência na Turquia) pararam de se coordenar com a CIA e outros grupos de inteligência para ajudar a ISIL. Putin e Erdogan não deixaram nenhum segredo quanto à sua vontade de colaborar mais nos últimos meses. Um dos maiores sinais dessa crescente colaboração entre a Rússia ea Turquia foi a assinatura do pipeline "Turkish Stream" no final de outubro. Além disso Moscou anunciou hoje que estarão "intensificando a cooperação" entre a Turquia o Irã e eles próprios na Síria. Talvez talvez a Turquia tenha quebrado vínculos com o câmbio bancário / político do oeste. O tempo vai dizer.De qualquer forma seria sensato se a Turquia rompeu todos ou mais laços com a cabala ocidental já que o mundo vê a escrita na parede para ISIL: o tempo é curto.Não só o ISIL foi derrotado em Aleppo (a maior batalha até à data) mas eles estão sendo derrotados em Mosul no Iraque. Hoje o primeiro-ministro do Iraque Haider al-Abadi disse ao mundo que o ISIL seria derrotado no Iraque dentro de três meses.Talvez a Turquia tenha desenvolvido um pivô para o Oriente e agora esteja trabalhando para derrotar o grupo terrorista que eles já armaram e financiaram. As coisas mais estranhas aconteceram. Observamos com muita expectativa o que acontecerá depois.",FAKE
"Desde 2008 Obama e Democratas perderam eleitores brancos da classe trabalhadora em todo os EUA.Os eleitores da classe média são eleitores republicanos do Trump.Obama apenas selou o acordo com seu racismo anti-branco.O mapa abaixo mostra como Obama perdeu os eleitores brancos da classe trabalhadora em todos os estados desde que assumiu o cargo exceto em Vermont e Massachusetts.New York TimesOs democratas podem ter perdido o voto da classe trabalhadora branca há gerações.É culpa de Obama.E apenas nesta semana Barack Obama estava de novo trilhos contra os americanos da classe trabalhadora branca pelos problemas de seu partido.iPatriot relatou:Obama também culpou Rush Limbaugh Fox News e a NRA por terem distraído o país de sua mensagem de "esperança e mudança" particularmente durante a temporada de férias."Se não estamos realmente mudando a narrativa como estamos durante as campanhas então pessoas em muitas dessas comunidades o que eles estão ouvindo é que Obama quer tirar minhas armas" disse ele. "Obama está desrespeitando minha cultura e se preocupa principalmente com as elites e as minorias costeiras". Ah sim o problema era que você não conseguia despertar mentalmente o país Barack não que sua mensagem fosse fundamentalmente anti-americana.Obama defendeu os ladrões e hospedou a Black Lives Matter na Casa Branca.O assunto "As Vidas Negras" levou a várias mortes policiais pilhagens e negócios queimados.Os americanos brancos e negros respeitadores da lei já tiveram o suficiente.Obama vai perder quando ele sai da Casa Branca ...Pelo criminosos e bandidos.",FAKE
"Lou Dobbs se concentra no papel proeminente que o mês de março jogou no email de Clinton e outros escândalos. Ele o chama de "idas incômodas de março especialmente março do ano passado. Por uma série de razões esse mês provou ser fundamental no escândalo sobre o uso de um servidor "privado" para conduzir negócios oficiais do Departamento de Estado comunicando-se por e-mail sobre esse servidor ".Ele ressalta que foi o New York Times que quebrou a história do e-mail em março de 2015 com o último lote de e-mails do WikiLeaks indicando que o time de Clinton está lutando desde então. Dobbs toca um clipe de Obama mentiroso sobre seu conhecimento de Clinton usando uma conta de e-mail pessoal para conduzir negócios do governo ".673-lou-dobbs-clinton-1200Em uma entrevista Obama perguntou: "Sr. "presidente" quando você aprendeu pela primeira vez que Hillary Clinton usou um sistema de e-mail fora do governo dos EUA para negócios oficiais enquanto ela era secretária de estado? "Obama respondeu com uma mentira flagrante dizendo:" Ao mesmo tempo todos os outros aprenderam com notícias relatórios."O Sr. Dobbs ressalta o fato de que "todo mundo no entanto não acreditou no" presidente "quando disse isso. E a assessora principal de Clinton Cheryl Mills certamente sabia melhor. Foi ela quem disse a Podesta: "Precisamos limpar isso" observando que o "presidente" possui e-mails de Hillary que não dizem 'State.gov' '.Dobbs continua a dizer a sua audiência que Clinton havia dias antes conspirado com Obama para reter e-mails apesar de ser intimado pelo Congresso. Nesse caso privilégio executivo das cidades de Podesta. Dobbs ressalta que março também foi quando a empresa gerenciando seu servidor Platte River Networks eliminou seu arquivo de e-mail usando Bleachbit apesar dessa intimação ".Março também foi o mês em que o aliado Clinton Terry McAuliffe sugeriu que a esposa de um funcionário do FBI estrategicamente colocado para o Senado do estado da Virgínia. Ele também doou US $ 467 mil para sua campanha e depois o promoveu para a posição número dois no FBI responsável pela "investigação" de Clinton.Dobbs fecha-se dizendo: "Como sempre disse não há coincidências quando se trata do Clintons e essas últimas revelações mostram o quanto a corrupção se estende no nosso governo em Washington DC.",FAKE
"WASHINGTON DC - Na tarde de segunda-feira um extremista realizou um ataque no Capitólio atirando e ferindo um policial. O homem foi identificado como Thomas Finnigan um supremacista branco de Maryland. Ele foi levado à custódia policial embora atualmente Capitol Hill incluindo o Congresso e a Casa Branca permaneçam em bloqueio.Quando o ataque foi realizado Finnigan foi descrito por testemunhas oculares como tentando deixar o centro do visitante e avançar ainda mais na biblioteca na Suprema Corte ou mesmo na Casa Branca."Tudo o que ouvi foi" [expletivo removido] Obama! libertos e existivos do ISIS! Tornar a América bem novamente! "John Burke um estudante da faculdade que visita o centro de visitantes declarou à ABC News. "Então ouvimos tiros de armas e foram imediatamente instruídos a deixar o prédio".Thomas Finnigan é um supremacista branco de 32 anos ligado a ter uma forte afinidade pelo líder republicano Donald Trump no seu Facebook. Ele cresceu em uma família de classe baixa no Tennessee e mais tarde se mudou para Maryland. Não se sabe muito sobre o atirador."É preocupante como alguns de nossos próprios cidadãos americanos nascidos e criados estão se transformando em terroristas por agitação política" disse a analista política ABC Ana Cuddy. "Enquanto na minha opinião devo dizer que não tomo nenhum problema com os conservadores dos Estados Unidos em geral esta não é a primeira vez que um defensor de Donald Trump especificamente realizou atos violentos contra outros membros da população. É preocupante ver como o partido republicano se radicalizou e espero que os Estados Unidos da América aprendam a lição dos atos traidores que Trump incita em nossos cidadãos ".ATUALIZAÇÃO 4:00 PM EST: O bloqueio foi levantado de acordo com a Polícia do Capitólio.ATUALIZAÇÃO 4:37 PM EST: De acordo com a Polícia do Capitólio nenhum oficial foi baleado. No entanto dois turistas ficaram feridos por estilhaços.A notícia do ABC continuará a lhe trazer notícias atualizadas envolvendo o tiroteio do Capitólio enquanto a informação vem à luz.",FAKE
"Donald Trump prometeu uma transição suave e respeitosa pelo presidente Barack Obama mas foi tudo menos. O ego maciço de Obama e a pele fina agora o tem degradando publicamente a vitória do Colégio Eleitoral de Trump e trabalhando diligentemente nos bastidores para frustrar a vontade do povo.Barack Obama sentou-se no escritório oval com Donald Trump há cerca de um mês e prometeu fazer o seu melhor para promover uma transição pacífica de poder e para realizar o desejo do povo americano. Esses sentimentos elevados se tornaram rapidamente rápidos quando chegou a hora de Obama começar a arrumar seus pertences e desocupar a casa do povo. Segue Donald J. Trump? @realDonaldTrumpFaz o meu melhor para desconsiderar as muitas declarações inflamatórias do presidente O e barreiras. Pensava que seria uma transição suave - NÃO!9:07 - 28 de dezembro de 2016  16738 16738 Retweets 53680 53680 gostosAo longo do último mês Obama adicionou um número recorde de novos regulamentos em uma miríade de agências federais que tentam controlar nossas vidas - e meios de subsistência. Nos últimos dias ele superou seu próprio recorde e provavelmente não está tentando restringir a autoridade do presidente eleito Trump depois que ele é jurado como o 45º presidente dos Estados Unidos.Obama instruiu seu embaixador nas Nações Unidas a se abster de uma votação que impactou drasticamente um dos nossos aliados mais firmes Israel. Um veto dos Estados Unidos que foi feito no passado teria impedido o Conselho de Segurança da U.N. de tentar criar uma "solução de dois estados" entre Israel e os palestinos exigindo que a construção de assentamentos em áreas em disputa cessasse imediatamente.Muito silenciosamente Obama também recebeu mais de 2.000 novos refugiados muçulmanos em solo americano. Essas pessoas em grande parte homens já tinham seus pedidos de asilo negados pelo governo australiano. Eles estavam sendo mantidos em um centro de detenção quando Obama decidiu que os contribuintes americanos deveriam começar a pagar pelo seu reinstalação - independentemente dos riscos para a segurança nacional.O presidente Obama anunciou o compromisso de George W. Bush com uma transição respeitosa e prometeu que sua equipe perturbada aderisse ao mesmo nível de profissionalismo e decoro. Em vez disso ele liderou a acusação de se comportar como uma criança petulante mimada.Primeiro Michelle Obama sentou conversa com Oprah Winfrey e afirmou que a América está agora sem esperança. Dez milhões de americanos estão sentindo esperançosos pela primeira vez em oito anos mas aqueles de nós que vivemos no país do meio-dia ou fazem parte de comunidades de colarinho azul ou a classe média realmente não importam aos liberais.Lashing fora em Donald Trump porque nós as pessoas o escolhemos sobre um político de carreira corrupto e mentiroso simplesmente mostra como Barack Obama e sua esposa são superficiais e auto-envolvidos. Não há nada que o Democratas no Congresso possa fazer para impedir a agenda de Trump - graças ao impulso de Harry Reid para a "opção nuclear".Michael Moore e sua horda de seguidores liberais não poderão impedir que Trump seja preso em 20 de janeiro - nem conseguirá empurrar sua cerimônia de juramento dentro. Os esforços dos manifestantes # Disrupt20 falharão tão certamente quanto os esforços de recenseamento de Jill Stein.Se Barack Obama queria que seu legado envolvesse aparecer pequeno glib e completamente delirante ele conseguiu. Ele não é mais do que um incômodo frustrante para o presidente eleito Donald Trump e os americanos patriotas que emitiram as cédulas a seu favor. Em breve Obama finalmente desaparecerá e Trump pode revogar seus insensatos regulamentos liberais e ordens executivas e colocar a nação no caminho da grandeza e da prosperidade para TODOS!",FAKE
"Não será apenas a maioria dos americanos fora do Washington D.C que ficará feliz em ver os Obama deixarem a Casa Branca.Em um desenvolvimento surpreendente entendemos que o pessoal de limpeza da Casa Branca também estará ansioso para ver as costas da Família Obama. Gerente de limpeza da Casa Branca Maria Hernandez revelou que a maior parte de sua equipe ficará tão aliviada que eles estão indo " foi muito difícil para mim e minha equipe. O senhor Presidente costumava deixar o lixo em todos os lugares - jornais antigos invólucros M & M você o nomeia ".Entende-se que pouco depois da vitória das eleições de Trump um número de funcionários de limpeza da Casa Branca levaram a tarde seguinte para uma bebida de festa na barra de cocktails local "fora do registro". Foi aqui que eles finalmente perceberam que 8 anos de limpeza extremamente difícil desapareceriam."Foi terrível" disse Antonia Juan-Fernando "Obama costumava amar os biscoitos e as migalhas que ele deixaria aye yai yai". Um otimista Juan-Fernando acredita que não só Trump 'Make America Great Again' mas que ele também saberá fazer uma limpeza básica.A administração Obama ainda não comenta. Geralmente o chefe da equipe da Casa Branca não comenta sobre tais assuntos.",FAKE
"Este é realmente um daqueles momentos engraçados e bonitos na história quando uma fonte de notícias grande antiga e não confiável como o Washington Post é pego em flagrante em sua própria rede de mentiras.Você viu na semana passada o Washington Post publicou um artigo em que afirmou ter uma lista real de empresas de notícias que trabalham para Vladimir Putin. Bem surpresa surpresa que tudo acabou por ser uma grande carga antiga de CRAP!Hoje o Post foi obrigado a adicionar novas "notas" a esse artigo que essencialmente liam que sua lista era uma porcaria e a fonte que eles alegavam era confiável na verdade é apenas um monte de idiotas liberais.Captura de tela da nota do editor admitindo que o Washington Post publicou uma lista falsificada de notícias não verificadas.Sua "fonte" era um site anônimo chamado PropOrNot que dizia ter obtido uma lista de pessoas diretamente empregadas pela Rússia ou "idiotas" que repetem a Propaganda Russa.A linda ironia é que o único site idiota o suficiente para realmente acreditar que sua lista era o Washington Post. Você sabe por quê? Porque não são nada além de golpistas.Deixe-me quebrar isso de forma simples e simples para vocês. WaPo e outras fontes antigas de notícias perderam todo o seu Trust quando mentiram sobre as eleições deste ano. Claro o problema vai ainda mais para trás quando eles OLHARam sobre armas nucleares no Iraque.Agora esses grandes papéis estão perdendo dinheiro e com medo de se tornarem irrelevantes. Eles estão tentando assustar o público com todos os tipos de mentiras sobre seus concorrentes apenas para salvar seus próprios jumentos. VERDE SOBRE ELES! (H / T - Daily Mail)Trump está felizmente lutando de volta mas é importante que pessoas comuns como você e eu façamos o nosso melhor para que essa informação seja compartilhada em todos os lugares para que possamos terminar o reinado da mídia principal LYING uma vez por diante!",FAKE
"WASHINGTON DC (AP) - Após os resultados das eleições de terça-feira à noite o presidente Obama assinou a Ordem Executiva 13805 que ordena uma recapitulação total de todos os votos emitidos nas eleições e solicita uma eleição especial no dia 19 de dezembro. Obama assinou o pedido em resposta às preocupações de milhares de eleitores em todo o país que disseram que foram impedidos de votar no dia das eleições muitas votações ausentes não foram encontradas ou contadas falhas de equipamentos bem como preocupações de que alguns os membros da faculdade eleitoral podem ter agido de forma não ética."Pessoas de todo o país estão inundando meu escritório com chamadas contando a minha equipe de histórias de horror sobre ser assediado e intimidado pelos trabalhadores da pesquisa" disse Obama a jornalistas. "Muitos já disseram que foram totalmente negados a entrar nas cabines de votação para votar se estivessem usando uma camiseta de Hillary Clinton ou outros sinais mostrando apoio para ela como presidente. Isso foi especialmente ruim nas áreas da Flórida e Carolina do Norte onde há um grande número de eleitores latino-americanos e americanos. Devemos investigar essas afirmações. A margem da vitória é muito próxima ao chamado e o resultado desta eleição é muito importante. Há muitos desafios legais em muitos estados para chamar isso de vitória para o Trump ".Sob a ordem do Presidente os votos emitidos em todos os recintos em todo o país serão relatados e todos os trabalhadores da votação que participaram da eleição de terça-feira serão submetidos a verificações de antecedentes rigorosos. Este processo deverá demorar 30 dias. Nos recintos onde o Departamento de Justiça tem a razão de acreditar que a supressão dos eleitores ocorreu novas eleições terão lugar no dia 19 de dezembro sendo esses resultados usados ​​para ajudar a determinar quem irá representar os estados individuais no colégio eleitoral.Não surpreendentemente Donald Trump não está satisfeito com a decisão do presidente."Crooked Hillary perdeu esta feira eleitoral e quadrado. Eles tentaram instalar esta eleição contra mim mas o povo americano não permitiu que isso acontecesse. O presidente Obama não se preocupa com o que os americanos querem. Eu disse que o sistema foi manipulado o tempo todo e isso prova que eu estava certo ".O presidente também disse que o DOJ estará dando uma olhada nos membros do colégio eleitoral."Recebemos informações de uma fonte muito confiável que sugere que pode haver alguma colusão entre os membros da faculdade eleitoral e os trabalhadores da pesquisa em certos estados de swing. Ainda precisamos investigar essas afirmações mas se elas forem verdadeiras tomaremos todas as ações apropriadas necessárias ".Paul Horner professor de ciência política na UCLA acredita que os problemas com a faculdade eleitoral são muito mais profundos que esta eleição."A maioria das pessoas sente que é seu direito como cidadãos escolher o presidente dos Estados Unidos mas não há nada na constituição que diz isso. Hillary Clinton ganhou o voto popular em mais de 200 mil votos mas devido ao colégio eleitoral ela ainda perdeu. Essa decisão é reservada exclusivamente aos 538 eleitores que se encontram em seus respectivos estados em 19 de dezembro. O que as pessoas realmente estão votando são os eleitores de seus estados não para o presidente. Embora o sistema seja estranho e injusto persistiu porque muitos insistem em que ele funciona tão bem como é com o vencedor do voto popular e eleitoral geralmente correspondente. Isso não significa no entanto que continuará funcionando bem no futuro. A forma como o sistema está configurado pode fazer com que ele funcione mal em algumas formas potencialmente aterrorizantes esta recente eleição é uma delas ".O analista político Matt Daemon disse à ABC News que ele concorda com a Ordem Executiva do Presidente e disse que gostaria de ver o colégio eleitoral eliminado completamente."[O colégio eleitoral] é uma piada de f-king; devemos usar o voto popular em vez disso. Pode ter feito sentido em 1788 mas também o compromisso dos três quintos. Todos deveriam ter um voto igual e esse não é o caso da faculdade eleitoral. Você sabe o que a faculdade eleitoral nos deu? Isso nos deu George W. Bush. Isso nos deu uma guerra no Iraque e a pior recessão desde a grande depressão. É hora de levar o nosso sistema ao século 21. Espero que Obama conserte isso porque o presidente Trump vai ser um pesadelo ".Obama terminou a conferência de imprensa explicando seus planos para avançar."Nós vamos investigar o FBI em seu papel em tudo isso" disse Obama. "Por que o diretor do FBI James Comey disse no domingo que a agência não está recomendando acusações contra Clinton depois de revisar todos os seus e-mails; declarando Hillary Clinton uma mulher livre convenientemente apenas um dia antes das eleições? Por que essa novidade não foi divulgada anteriormente? Quantos votos foram perdidos por causa disso? " Disse Obama. "Se todas estas questões não puderem ser respondidas até o prazo fixado em dezembro será requisitada uma recapitulação".Se você tiver alguma dúvida sobre a recapitulação ou as eleições especiais de 19 de dezembro você pode ligar para a linha direta de eleição especial da administração Obama em (785) 273-0325.",FAKE
"O presidente Recep Tayyip Erdogan da Turquia está novamente acusando os Estados Unidos de apoiarem diretamente o ISIS. Ele foi misturado com os rumores de sua suposta propagação do comércio ilícito de petróleo ISIS no passado então suas acusações levam consigo a necessidade de um ceticismo saudável. Ainda assim ele é inflexível em suas alegações e diz que ele tem provas irrefutáveis.Suas reivindicações ultrapassam o único passo de remoção do envolvimento direto mantendo a negatividade implausível e plausível de ajudar os chamados "lutadores da liberdade" ou rebeldes o isolamento em que os EUA se basearam em armar treinar e financiar aliados terroristas de Obama no passado. É mais do que um reconhecimento do rebranding dos terroristas do ISIS nosso suposto inimigo como facções anônimas sob a Casa Branca subversivas.Está além da disputa dos russos ou da evidência fotográfica de que John McCain era tolo o suficiente para fornecer o que basicamente é pouco mais do que uma escolha nas cores do lenço de cabeça a diferença entre o equivalente dos crips e dos sangue como sendo o "fator legitimador" "Para ajudar nossos inimigos terroristas como os lutadores da liberdade moderada inexistentes.Erdogan disse em sua terça-feira comentários que ele "confirmou evidências" de que as forças lideradas pelos EUA apoiaram o ISIS. Erdogan afirmou em termos inequívocos que "é muito claro" os EUA estão apoiando o ISIS. Ele disse: "Eles nos acusavam de apoiar Daesh (ISIS). Agora eles dão apoio a grupos terroristas incluindo Daesh YPG PYD. É muito claro. Nós confirmamos provas com fotos fotos e vídeos. "YPG e PYD são grupos curdos que Erdogan considera como terroristas que operam contra a Turquia.Flanqueado pelo presidente guineense visitante Alpha Conde Erdogan disse: "As forças da coalizão infelizmente não cumprem suas promessas. Se eles fazem ou não continuaremos por esse caminho de forma determinada. Não há retorno no caminho que definimos. "Erdogan reclamou: "Eles estão apoiando todos os grupos terroristas - YPG PYD mas também incluindo Daesh (ISIS) É bastante claro perfeitamente óbvio" disse ele acrescentando que o Peru poderia fornecer provas em fotos e vídeos. Durante uma visita de novembro ao Paquistão Erdogan fez afirmações semelhantes alegando que "o Ocidente está de acordo com Daesh (ISIS) agora" e suas armas foram feitas ocidental. Na época ele se recusou a fornecer suas provas para inspeção.Ele precisa estar mais próximo desta vez. Se ele tiver a evidência mostre isso. Certamente nenhum de nós ficaria surpreso ao saber que Obama está por trás do ISIS já é bem conhecido. Nós gostaríamos de colocar nossas mãos em sua prova no entanto para acusar corretamente Obama e condená-lo.",FAKE
"Os eleitores à direita esperaram por muito tempo! A polícia finalmente invadiu uma sede estratégica democrática e os resultados são devastadores!De acordo com o jornal da Filadélfia recentemente a Polícia do Estado da Pensilvânia invadiu o grupo FieldWorks liderado pelos democratas procurando evidências de fraude eleitoral.O que a garantia diz exatamente não é conhecido mas os agentes na cena disseram que estavam procurando por "modelos". . . utilizado para construir formulários de registro de eleitores fraudulentos "e" formulários completos de registro de eleitores que contenham a mesma ou similar informação de identificação de indivíduos em vários formulários ".101532276_a_ballot_box_is_carried_into_the_royal_horticultural_halls_in_london_as_counting_gets_unde_transhymu82nutterlifsxj60pz_hmppuig79obaecowkjvuFYI Fieldworks LLC é um dos maiores grupos nacionais de registro de eleitores na América. Eles estão trabalhando indiretamente para o Comitê Nacional Democrata e a Sra. Clinton.Eles rapidamente alegaram que estão contra a fraude eleitoral mas novamente quem admitiria isso de qualquer maneira?",FAKE
"Acontece que a eleição pode ter sido manipulada afinal. É só que Hillary Clinton e seus democratas não podem fazer nenhum trabalho direito.Os recintos inteiros em torno de Detroit podem ser desnecessários devido à suspeita de fraude eleitoral. Funcionários descobriram que em centenas de casos os números do livro de votação não combinam as impressões da máquina de votação eletrônica de acordo com The Detroit News.A lei do estado de Michigan afirma que se um recinto não puder ser contado então a contagem original deve permanecer em pé.Alguns dos problemas podem ser devidos a pessoal de eleições tendenciosas. As máquinas usadas em Michigan de acordo com o diretor eleitoral de Detroit Daniel Baxter são bastante antigas. De fato 87 dos scanners ópticos das máquinas quebraram o dia das eleições.Quando há um problema com as máquinas uma cédula pode ficar atolada no scanner. O pessoal eleitoral então deve retirar a urna e tentar novamente. Isso poderia resultar em uma cédula sendo contada duas vezes ou mesmo seis vezes como a equipe tenta obter a cédula na máquina novamente e novamente.A equipe pode apagar manualmente os votos duplicados mas Baxter diz que "em muitos casos [eles] não conseguiram fazê-lo". O que eles esqueceram? Ou talvez eles desejassem contar o voto várias vezes?É claro que muitos desses recintos são fortemente democratas pelo menos de acordo com as tendências históricas de votação. Isso inclui Wayne County onde Clinton recebeu cerca de dois terços do voto. Se tal fraude eleitoral generalizada ocorreu talvez Michigan seja muito menos azul do que pensávamos.Existem também outras explicações para as discrepâncias de votação. Como a WND está informando o candidato republicano Ken Crider observou atentamente o processo eleitoral de seu distrito. Crider disse em uma publicação no Facebook "o recinto da Penny Detroit Precinct # 152 tinha um selo ininterrupto e tudo parecia adequado. A etiqueta na caixa dizia 306 e o ​​livro dizia 306 e o ​​bilhete dizia 306 então deveria haver 306 cédulas de papel na caixa certo? ""Bem quando tiraram as cédulas a pilha pareceu curta e quando eles terminaram de separar a cédula de duas páginas para contar apenas a página presidencial adivinhe quantas cédulas estavam na caixa? 304 não 299 nope 200 nada e cerca de 100 errado de novo. Havia apenas exatamente 50 cédulas de papel em uma caixa fechada fechada que novamente era suposto ter 306. HMMMM. "A Crider está certa em apontar essa misteriosa circunstância.Se o selo fosse ininterrupto e não havia buracos na urna então por que havia uma quantidade incorreta de cédulas lá? Seria compreensível estar fora por um voto mas estar fora por centenas é altamente suspeito e aponta mais uma vez ao pessoal eleitoral.Na minha opinião cada um desses membros da equipe deve ser impedido de trabalhar eleições novamente. Seja por negligência ou intenção algo muito ruim tem acontecido aqui.H / T: Angry Patriot MovementO que você acha dessas revelações do esforço de recontagem do Michigan? Por favor compartilhe esta história no Facebook e conte-nos o que você acha porque queremos ouvir a sua voz!",FAKE
"Uma vez Harry Reid passou por "a opção nuclear" para impedir que os republicanos representassem seus eleitores. Essa mudança agora está voltando para assombração de seus pares liberais assim como Reid faz sua saída há muito atrasada do Congresso.Ele foi advertido de que ele e seus colegas democratas um dia se arrependerão disso mas os arrogantes senadores de Nevada ignoraram as palavras sonoras do conselho. Esse dia já chegou. A opção nuclear permitirá que o Senado com controle republicano transforme as contas em lei por uma maioria simples de 51 votos e não a super-maioria que exige 60 votos de aprovação como as notas da Biz Pac Review.A opção nuclear de Harry Reid exigindo apenas 51 votos para aprovar medidas no Senado coincidiu exatamente com o número de assentos que os liberais realizaram na época. Agora os republicanos controlam a Câmara e o Senado - o que lhes permitirá passar facilmente de todos os itens da agenda do presidente eleito Donald Trump se os políticos da GOP de carreira tiverem o nervo é claro.Se algum senador do GOP pular navio e um laço raro acontecer no Senado a agenda de Trump continuará a sobreviver a uma opção de opção nuclear. O vice-presidente eleito Mike Pence detém o voto empatado!Pelo menos em público os liberais não estão dispostos a admitir que estão se chutando após as urgências de Harry Reid no voto da opção nuclear. Na época Reid afirmou que a mudança de regra extrema era necessária porque o GOP estava envolvido em "obstrução sem precedentes".Aparentemente dizer "NÃO!" Para Obama economicamente inviável dita é obstrução. Os republicanos seguiram a Constituição e fizeram o trabalho que foram eleitos pelo povo para fazer - o que eles agora podem fazer com mais facilidade graças a Harry Reid."Se os republicanos quiserem obter recordes de radicais de apoio essa é a decisão deles e eles terão que viver com isso" disse Kristen Orthman porta-voz do senador Reid. Se é radical para colocar os americanos em primeiro lugar não seja assim.O senador do Reino Unido Jeff Merkley afirma ter "absolutamente nenhum arrependimento" pela opção nuclear de Reid. Charles Schumer o novo líder da Minoria do Senado parece não ter sido tão ansioso para aceitar a opção nuclear.De acordo com o relatório Schumer queria manter o limite de votos super maioria para nomeações do gabinete e da Suprema Corte. Ou seus colegas no Senado não compartilharam suas preocupações com o futuro quando os republicanos voltariam ao poder e sentiram que os liberais sempre poderiam manter uma maioria no Senado ou teriam muito medo de Harry Reid votar contra seu plano .Um senador liberal Richard Shelby do Alabama tentou avisar seus companheiros democratas que estavam envolvidos em um pensamento de curto prazo ao votar a favor da opção nuclear. Eles também ignoraram suas palavras sábias e ignoraram totalmente o grande quadro ao colocar seus votos."Os democratas não estarão no poder a perpetuidade. Este é um erro - um grande para o longo prazo. Talvez não seja a curto prazo. Ganhos a curto prazo mas acho que isso muda o Senado tremendamente de forma incorreta " disse o senador Shelby antes da votação ter sido realizada em 2013.Seguindo tanto o texto como o espírito da Constituição enquanto colocando os Estados Unidos e os americanos em primeiro lugar só seria considerado um conceito radical por parte dos liberais que beberam muito o Kool-Aid entregue pelos membros do contingente politicamente correto de extrema esquerda em Washington.Os democratas estarão agora à mercê de Donald Trump e dos servidores públicos eleitos ao longo do corredor durante pelo menos os próximos quatro anos - e eles só têm a culpa deles.",FAKE
"WASHINGTON DC (AP) O senador dos EUA Ted Cruz (R-Texas) enviou ondas de choque pelo Partido Republicano hoje quando anunciou que endossaria Donald Trump para o presidente mas apenas se o candidato do GOP estaria disposto a apoiar publicamente a proibição masturbação. O senador chamou isso de A única questão mais importante que o país enfrenta hoje e que sem uma ação rápida do próximo presidente o país estava condenado a escorregar uma inclinação escorregadia de devastação e auto-satisfação.",FAKE
"Na terça-feira o Times of Israel informou que um jornal egípcio publicou o que chamou transcrições de reuniões entre altos funcionários dos EUA - incluindo o secretário de Estado John Kerry - e funcionários palestinos que poderiam se verdade provar as acusações de Israel de que o regime de Obama estava atrasado Resolução anti-Israel da ONU aprovada pelo Conselho de Segurança.De acordo com o Times de Israel:Ao mesmo tempo um relatório em um diário israelense na terça-feira à noite apontou para que a Grã-Bretanha elaborasse a resolução e alto drama nas horas que antecederam a votação já que Jerusalém tentou convencer a Nova Zelândia a enterrar a medida do Conselho de Segurança.Em uma reunião no início de dezembro com o principal negociador palestino Saeb Erekat o secretário de Estado dos EUA John Kerry disse aos palestinos que os EUA estavam preparados para cooperar com os palestinos no conselho de segurança afirmou a TV de Canal 1 de Israel citando o egípcio Al-Youm Al -Sabea jornal.Também presentes na reunião foram a assessora de segurança nacional dos EUA Susan Rice e Majed Faraj diretor do Serviço de Inteligência Geral da Autoridade Palestina.Kerry está citado dizendo que ele poderia apresentar suas idéias para uma solução de status final se os palestinos se comprometerem a apoiar o quadro proposto. As autoridades dos EUA aconselharam os palestinos a viajarem para Riyadh para apresentar o plano aos líderes sauditas.De acordo com o Times o relatório egípcio cabe às afirmações israelenses de que ele tem uma prova de "ironclad" de que o regime de Obama ajudou a elaborar a resolução anti-liquidação."Temos uma informação clássica que emana de fontes no mundo árabe e que mostra que o governo de Obama ajudou a elaborar essa resolução e empurrou forte para a sua eventual passagem" disse David Keyes porta-voz do primeiro-ministro Benjamin Netanyahu.Além disso o Guardião disse que Israel pode fornecer essa informação para a administração Trump recebida:Duplicando a reivindicação algumas horas depois o controverso embaixador israelense em Washington Ron Dermer foi ainda mais sugerindo que havia reunido provas de que isso seria apresentado à administração Trump."Vamos apresentar essas evidências à nova administração através dos canais apropriados. Se quiserem compartilhá-lo com o povo americano eles são bem-vindos para fazê-lo " disse Dermer à CNN.De acordo com Dermer não só os EUA não ficaram de pé do lado de Israel durante a votação mas "estava por trás de um ataque a Israel na ONU".Jeff Dunetz observou:Israel teme que Kerry defina sua visão abrangente para a solução de dois estados e em seguida converte-a em outra resolução do Conselho de Segurança que impõe termos de assentamento anti-Israel adicionais sobre Israel ou na próxima conferência de paz em Paris no dia 15 de janeiro de que Israel não está atendendo tudo antes do Obama que odeia Israel deixa a Casa Branca três semanas depois da próxima sexta-feira. Outra possibilidade é que os EUA reconheçam um Estado palestino qualquer um dos itens acima elimina a possibilidade de uma solução negociada.O relatório egípcio não detalhou cujas transcrições da reunião obteve ou como as obteve.No final da reunião o relatório diz que Rice e Kerry solicitaram que o conteúdo da discussão permaneça em segredo devido à sensibilidade do assunto durante o período de transição nos EUA. Da mesma forma que Kerry manteve negociações para o segredo do Irã em relação a Israel até que fosse tarde demais.O regime de Obama no entanto negou alegações de que estava por trás da resolução."Nós não elaboramos esta resolução; não apresentamos esta resolução. Tomamos essa decisão quando se tratou de uma votação " disse o vice-conselheiro de segurança nacional Ben Rhodes na sexta-feira.",FAKE
"Hoje uma jovem mulher trabalhando para uma organização anti-narcotráfico foi demitida. O nome dela era Monica Petersen e ela apareceu morta no Haiti no domingo depois de publicar "I Found A Smoking Gun" nas redes sociais. Seus amigos e familiares estão falando como sua família não pode obter informações credíveis das autoridades haitianas e a Sra. Petersen acabou de divulgar publicamente alguns relatórios que implicam o envolvimento de Clintons em suposto tráfico de seres humanos através de uma mina administrada pelo irmão Tony Rodham da Hillary Clinton.Uma compilação dos vários tópicos do reddit Facebook Twitter Imgur e mais pode ser encontrada na página Reddit The Donald aqui.Vai saber. Assim como qualquer número de pessoas perto dos Clintons ou investigar quem poderia acabar com uma testemunha material durante um julgamento a Sra. Petersen acaba morto. Isso para aqueles que seguem a propaganda de "falsas notícias" que sai dos globalizadores dos esquerdistas e da mídia herdeira desaspeada é por isso que há um "Contagem de Corpo de Clinton". O nome de Monica Petersen pode ser adicionado a ele.De acordo com vários relatórios o Haiti tem sido um nexo para o tráfico de crianças há vários anos. Na verdade encontrado em milhares de e-mails lançados pela WikiLeaks da conta de e-mail da John Podesta surgiram informações de que Hillary Clinton ajudou Laura Silsby haitiana a ser envolvida no tráfico de crianças em 2010 quando foi pego tentando levar 33 filhos - não são órfãos - do Haiti. Sabe-se que a história das duas mulheres atingiu pelo menos quinze anos. Também nos e-mails Podesta são várias conversas arcaicas sobre pizza que tomaram a aura da sabedoria da internet (o que alguns chamam teorias de conspiração) conhecido como #pizzagate e segundo se informa é a ponta do iceberg em um anel internacional de tráfico de crianças.O buraco do coelho fica muito profundo quando se considera quantas vezes Bill Clinton é conhecido por ter viajado a ilha privada de abuso infantil de Jeffrey Epstein.Monica Petersen chegou muito perto? Uma jovem tenaz que investiga um dos crimes mais flagrantes que qualquer humano pode cometer se ela se aproximou muito do elemento criminoso e era conhecida por eles é uma possibilidade definitiva. Um bom amigo dela chamado Bella afirma que descobriu o que aconteceu e está se recusando a elaborar em fóruns públicos de proximidade. Seja qual for o caso as pessoas ao redor do Clintons e aqueles que os investigam com certeza tendem a acabar morto.",FAKE
"A esquerda liberal deixou bem claro em Chicago ontem à noite que eles usarão a violência para fechar alguém que discorda deles.Se você não ouviu uma pacífica disputa de Donald Trump foi interrompida por uma multidão irritada de manifestantes até o ponto em que o evento teve que ser cancelado.Hoje enquanto Donald Trump estava falando em Dayton um manifestante tentou se precipitar no palco e teve que ser subjugado pela segurança.E acho que quem era o manifestante?Está certo.Um vagabundo liberal que esteve envolvido em controvérsia no passado. Aqui ele está desrespeitando a bandeira americana.",FAKE
"Os detetives e promotores do Departamento de Polícia de Nova York que trabalham com um suposto caso de sexagem contra o ex-deputado Anthony Weiner derrubaram um laptop recentemente encontrado que compartilhou com a esposa Huma Abedin para o FBI com provas suficientes "para colocar Hillary (Clinton) e sua equipe para vida " disseram fontes da NYPD a True Pundit.As fontes da NYPD disseram que a "equipe" de Clinton também incluiu vários membros do Congresso ainda não identificados além de seus assessores e insiders.O NYPD apreendeu o computador de Weiner durante uma autorização de busca e detetives descobriram uma quantidade de mais de 500.000 e-mails de e para Hillary Clinton Abedin e outros insiders durante seu mandato como secretário de estado. O conteúdo desses e-mails provocou o FBI para reabrir sua extinta investigação por e-mail para Clinton na sexta-feira.Mas as novas revelações sobre o conteúdo desse laptop de acordo com fontes de aplicação da lei implicam o candidato presidencial democrata seus subordinados e até mesmo selecionam funcionários eleitos em crimes graves muito mais alegados que os correios secretos e secretos secretos disseram fontes. As fontes da NYPD disseram que esses novos e-mails incluem evidências que ligam a própria Clinton e associados a:Lavagem de dinheiroExploração infantilCrimes sexuais com menores de idade (crianças)PerjúrioPague para jogar através da Fundação ClintonObstrução de justiçaOutros crimes criminososDetetives de NYPD e um chefe de NYPD o maior ranking do departamento sob o Comissário disse abertamente que se o FBI e o Departamento de Justiça não conseguirem acusações oportunas contra Clinton e conspiradores o NYPD será público com os e-mails prejudiciais agora nas mãos do Diretor do FBI James Comey e muitos escritórios de campo do FBI."O que há nos e-mails é assombroso e como pai virou meu estômago" disse o chefe da NYPD. "Não haverá nenhuma escapada de Houdini do que descobrimos. Nós temos cópias de tudo. Nós os enviaremos para o Wikileaks ou pessoalmente vou realizar minha própria conferência de imprensa se chegar a isso ".O chefe do NYPD disse que Comey viu o conteúdo alarmante dos e-mails que ele foi forçado a reabrir uma investigação criminal contra Clinton."As pessoas vão para a prisão" disse ele.Enquanto isso as fontes do FBI disseram que Abedin e Weiner estavam cooperando com agentes federais que assumiram as partes não-sexting do caso da NYPD. O marido e a esposa Clinton estão interessados ​​em comprar ofertas de imunidade separadas disseram fontes."Se eles não cooperarem eles vão ver frases longas" disse uma fonte federal de aplicação da lei.As fontes da NYPD disseram que Weiner ou Abedin armazenaram todos os e-mails em um programa maciço do Microsoft Outlook no laptop. Os e-mails implicam outros membros atuais e ex-membros do Congresso e um senador democrata de alto escalão como tendo possivelmente envolvido em atividades criminosas também disseram fontes.Os promotores do escritório do procurador dos EUA Preet Bharara emitiram uma intimação para telefones celulares e registros de viagem de Weiner confirmando fontes de aplicação da lei. A NYPD disse que planeja encomendar o mesmo telefone e registros de viagem em Clinton e Abedin no entanto o FBI disse que estava no processo de solicitar os registros idênticos. As fontes de aplicação da lei estão particularmente interessadas na atividade do telefone celular e viajam para as Bahamas U.S. Virgin Islands e outros locais que as fontes não divulgariam.Os novos e-mails contêm documentos de viagem e itinerários que indicam Hillary Clinton o presidente Bill Clinton Weiner e vários membros do Congresso e outras autoridades governamentais acompanharam o bilionário de pedófilo condenado Jeffrey Epstein em seu Boeing 727 em múltiplas ocasiões para sua ilha privada nas Ilhas Virgens dos EUA disse. A ilha de Epstein também foi apelidada de Ilha Orgy ou Ilha de escravos sexuais onde Epstein alegadamente projeta meninas e meninos menores de idade para dignitários internacionais.Tanto a NYPD quanto as fontes do FBI confirmam com base nos novos e-mails que agora acreditam que Hillary Clinton viajou como convidada de Epstein em pelo menos seis ocasiões provavelmente mais quando todas as provas são penteadas disseram fontes. Bill Clinton confirmou-se em relatos de mídia nos últimos anos que ele também viajou com Epstein mais de 20 vezes para a ilha.Laptop também revelou mais classificações violações extremamente secretasDe acordo com outros e-mails descobertos Abedin e Clinton enviaram e receberam milhares de documentos classificados e secretos para contas de e-mail pessoais incluindo o site de campanha não garantido da Weiner que é gerenciado por consultores políticos democratas em Washington D.C.Weiner manteve poucas contas de e-mail conhecidas que o casal compartilhou no site anthonyweiner.com. Weiner ex-congressista democrata de Nova York utilizou principalmente esse domínio para fazer campanha para o Congresso e para sua tentativa de prefeito na cidade de Nova York.Em um ponto fontes do FBI disseram que os documentos e os emails classificados e secretos do Departamento de Estado de Abedin e Clinton foram armazenados no e-mail de Weiner em um servidor compartilhado com um serviço de preparação de cães e uma loja de bicicleta ocidental canadense.No entanto Weiner e Abedin que é o assistente pessoal mais próximo de Hillary Clinton não eram as únicas pessoas com acesso à conta de e-mail do Weiner. Potencialmente dezenas de pessoas desconhecidas tiveram acesso aos emails sensíveis do Departamento de Estado de Abedin que foram armazenados na conta de e-mail do Weiner confirmaram as fontes do FBI.",FAKE
